Product,Cost Price,Postage,Packaging,Ebay,Paypal,Min,Act,Profit,INV Stock,Sold Stock,InStock
Kirkland Signature Omega 3 Fish oil 1000 gm 400 Softgels 6 months supply,12,3.7,0.5,£3.08,£1.40,£20.68,£27.99,£7.31,4,1,3
Brut Splash on 7oz Men's Eau de Cologne,3.5,3.1,0.5,£1.21,£0.55,£8.86,10.99,£2.13,4,0,4
Kirkland Signature Vitamin C 500mg Chewable Tablets - 500 Count,16.33,3.1,0.5,£3.08,£1.40,£24.41,27.99,£3.58,1,1,0
nakd Yummy Mix Assorted Fruit and Nuts Bars,12.69,3.7,0.5,£2.64,£1.20,£20.73,23.99,£3.26,3,0,3
Eat Natural Bars Assorted Fruit And Nut Box 20 Bars Gluten Free New & Boxed,12.69,3.7,0.5,£2.75,£1.25,£20.89,24.99,£4.10,6,0,6
Ghost Lifestyle BCAA,20,3.7,0.5,£3.30,£1.50,£29.00,29.99,£0.99,14,1,13
Ghost Lifestyle Size,22,3.7,0.5,£3.52,£1.60,£31.32,31.99,£0.67,20,1,19
Acetum Organic Apple Cider Vinegar,6,3.7,0.5,£1.54,£0.70,£12.44,13.99,£1.55,12,0,12
Weider Collagen Peptides,13,3.7,0.5,£2.86,£1.30,£21.36,25.99,£4.63,12,1,11
1UP Nutrition L-Carnitine Liquid 480ml Free Postage,12,3.7,0.5,£2.42,£1.10,£19.72,21.99,£2.27,12,0,12
Ghost Lifestyle Pump Stim-Free Pre-Workout,25,3.7,0.5,£3.96,£1.80,£34.96,35.99,£1.03,2,0,2
Flash Speedmop Refill Wet Pads Lemon 24 Pack Speed Mop - Free Fast Dispatch,6,3.7,0.5,£1.65,£0.75,£12.60,14.99,£2.39,4,0,4
L'il Critters Calcium and Vitamin D Gums,10,3.7,0.5,£2.75,£1.25,£18.20,£24.99,£6.79,3,0,3
BRAND NEW Ladies Leather Biker Jacket UK 6,5,3.7,0.5,£2.75,£1.25,£13.20,24.99,£11.79,1,0,1
BRAND NEW AST Men's Gym Assorted XL T-Shirts multipack,15,3.7,0.5,£4.40,£2.00,£25.60,39.99,£14.39,1,0,1
BRAND NEW Otomix Mens' Breathable Gymwear Medium Size,5,3.7,0.5,£1.65,£0.75,£11.60,14.99,£3.39,2,0,2
BRAND NEW Otomix Men's Breathable Gymwear Multipack Size L,15,3.7,0.5,£4.40,£2.00,£25.60,39.99,£14.39,2,0,2
BRAND NEW Mens Assorted Gymwear T-Shirts Multipack,15,3.7,0.5,£4.40,£2.00,£25.60,39.99,£14.39,1,0,1
Otomix Men's Breathable Gymwear Multipack,10,3.7,0.5,£3.30,£1.50,£19.00,29.99,£10.99,1,0,1
BRAND NEW Assorted Men's Casual T-Shirts,10,3.7,0.5,£3.30,£1.50,£19.00,29.99,£10.99,2,0,2
BRAND NEW Assorted Men's Gymwear T-Shirts,10,3.7,0.5,£2.20,£1.00,£17.40,19.99,£2.59,1,0,1
BRAND NEW AST Sports Science Sweatshirt for Men,10,3.7,0.5,£3.30,£1.50,£19.00,29.99,£10.99,1,0,1
